{
    "chunk_path": "./out/video_chunks/CCTV5|VID_GEN2_chunk_0.mp4",
    "motion_detected": true,
    "objects": [
        {
            "id": 0,
            "label": "person",
            "initial_pos": [
                628.2794189453125,
                357.1954345703125
            ],
            "last_pos": [
                604.9362182617188,
                357.89599609375
            ],
            "frames_present": [
                3,
                6,
                9,
                12,
                15,
                18,
                21,
                24,
                30,
                33,
                36,
                39,
                42,
                45,
                48,
                51,
                54,
                57,
                60,
                63,
                66,
                69,
                72,
                78,
                81,
                84,
                87,
                90,
                93,
                96,
                99,
                102,
                105,
                108,
                111,
                114,
                117,
                120,
                123,
                126,
                129,
                132,
                135,
                138,
                144,
                147,
                150,
                153,
                156,
                159,
                162,
                165,
                168,
                171,
                174,
                177,
                180,
                183,
                186,
                189
            ],
            "last_confidence": 0.6868478655815125
        },
        {
            "id": 1,
            "label": "car",
            "initial_pos": [
                350.1437683105469,
                419.63067626953125
            ],
            "last_pos": [
                465.571044921875,
                416.42474365234375
            ],
            "frames_present": [
                3,
                6,
                9,
                15,
                63,
                66,
                84,
                87,
                90,
                93,
                96,
                102,
                105
            ],
            "last_confidence": 0.679053008556366
        },
        {
            "id": 2,
            "label": "person",
            "initial_pos": [
                1134.16552734375,
                438.61444091796875
            ],
            "last_pos": [
                1134.16552734375,
                438.61444091796875
            ],
            "frames_present": [
                3
            ],
            "last_confidence": 0.6493414640426636
        },
        {
            "id": 3,
            "label": "truck",
            "initial_pos": [
                66.28022766113281,
                407.50537109375
            ],
            "last_pos": [
                170.6733856201172,
                408.93109130859375
            ],
            "frames_present": [
                6,
                12,
                15,
                18
            ],
            "last_confidence": 0.6585652828216553
        },
        {
            "id": 4,
            "label": "person",
            "initial_pos": [
                1220.283447265625,
                440.3764953613281
            ],
            "last_pos": [
                1220.283447265625,
                440.3764953613281
            ],
            "frames_present": [
                9
            ],
            "last_confidence": 0.6605813503265381
        },
        {
            "id": 5,
            "label": "suitcase",
            "initial_pos": [
                880.025146484375,
                277.9187316894531
            ],
            "last_pos": [
                834.5689697265625,
                257.50946044921875
            ],
            "frames_present": [
                18,
                24,
                27,
                30,
                33,
                36,
                39,
                42,
                45,
                48,
                51,
                54,
                57,
                60,
                63,
                66,
                69,
                72,
                75,
                81,
                84,
                87,
                90,
                93,
                96,
                99,
                102,
                105,
                108,
                111,
                114,
                117,
                120,
                123,
                132,
                135,
                138,
                141,
                144,
                147,
                150,
                153,
                156,
                159,
                162,
                168,
                171,
                174,
                177,
                180,
                183,
                186,
                189
            ],
            "last_confidence": 0.7100450992584229
        },
        {
            "id": 6,
            "label": "car",
            "initial_pos": [
                37.2218017578125,
                414.3212890625
            ],
            "last_pos": [
                408.981201171875,
                417.8565368652344
            ],
            "frames_present": [
                21,
                24,
                27,
                30,
                36,
                39,
                42,
                45,
                48,
                51,
                54,
                57,
                60,
                69,
                72,
                75,
                78,
                81,
                87,
                90,
                93,
                96,
                99
            ],
            "last_confidence": 0.7454138994216919
        },
        {
            "id": 7,
            "label": "car",
            "initial_pos": [
                1065.3768310546875,
                439.3325500488281
            ],
            "last_pos": [
                1240.4339599609375,
                414.12176513671875
            ],
            "frames_present": [
                21,
                24,
                33,
                36,
                39,
                42,
                45,
                48,
                51,
                54,
                57,
                60,
                63,
                66,
                69,
                72,
                75,
                78,
                81,
                96,
                99,
                102,
                105,
                108,
                111,
                117,
                120,
                123,
                126,
                129,
                135,
                138,
                141,
                147,
                150,
                153,
                156,
                159,
                162,
                168
            ],
            "last_confidence": 0.6979049444198608
        },
        {
            "id": 8,
            "label": "car",
            "initial_pos": [
                30.332914352416992,
                410.7745361328125
            ],
            "last_pos": [
                262.96112060546875,
                412.80560302734375
            ],
            "frames_present": [
                36,
                39,
                42,
                45,
                48,
                51,
                54,
                57,
                60,
                63,
                66,
                69,
                75,
                78,
                81,
                84,
                180,
                186,
                189
            ],