{
    "chunk_path": "./out/video_chunks/CCTV4|VID_GEN1_chunk_0.mp4",
    "motion_detected": true,
    "objects": [
        {
            "id": 0,
            "label": "person",
            "initial_pos": [
                618.2708740234375,
                425.6300354003906
            ],
            "last_pos": [
                611.410400390625,
                422.113525390625
            ],
            "frames_present": [
                0,
                3,
                6,
                9,
                12,
                15,
                18,
                21,
                24,
                27,
                30,
                33,
                36,
                39,
                42,
                45,
                48,
                51,
                54,
                57,
                60,
                63,
                66,
                69,
                72,
                75,
                78,
                81,
                84,
                87,
                90,
                93,
                96,
                99,
                102,
                105,
                108,
                111,
                114,
                117,
                120,
                123,
                126,
                129,
                132,
                135,
                138,
                141,
                144,
                147,
                150,
                153,
                156,
                159,
                162,
                165,
                168,
                171,
                174,
                177,
                180,
                183,
                186,
                189
            ],
            "last_confidence": 0.9438932538032532
        },
        {
            "id": 1,
            "label": "person",
            "initial_pos": [
                951.47998046875,
                392.7533874511719
            ],
            "last_pos": [
                958.5558471679688,
                380.7622375488281
            ],
            "frames_present": [
                0,
                3,
                6,
                9,
                12,
                15,
                18,
                21,
                24,
                27,
                30,
                33,
                36,
                39,
                42,
                45,
                48,
                51,
                54,
                57,
                60,
                63,
                66,
                69,
                72,
                75,
                78,
                81,
                84,
                87,
                90,
                93,
                96,
                99,
                102,
                105,
                108,
                111,
                114,
                117,
                120,
                123,
                126,
                129,
                132,
                135,
                138,
                141,
                144,
                147,
                150,
                153,
                156,
                159,
                162,
                165,
                168,
                171,
                174,
                177,
                180,
                183,
                186,
                189
            ],
            "last_confidence": 0.9425724148750305
        },
        {
            "id": 2,
            "label": "person",
            "initial_pos": [
                269.685546875,
                378.16278076171875
            ],
            "last_pos": [
                248.15554809570312,
                389.743408203125
            ],
            "frames_present": [
                0,
                3,
                6,
                9,
                12,
                15,
                18,
                21,
                24,
                27,
                30,
                33,
                36,
                39,
                42,
                45,
                48,
                51,
                54,
                57,
                60,
                63,
                66,
                69,
                72,
                75,
                78,
                81,
                84,
                87,
                90,
                93,
                96,
                99,
                102,
                105,
                108,
                111,
                114,
                117,
                120,
                123,
                126,
                129,
                132,
                135,
                138,
                141,
                144,
                147,
                150,
                153,
                156,
                159,
                162,
                165,
                168,
                171,
                174,
                177,
                180,
                183,
                186,
                189
            ],
            "last_confidence": 0.9400525689125061
        },
        {
            "id": 3,
            "label": "person",
            "initial_pos": [
                33.01230239868164,
                410.10943603515625
            ],
            "last_pos": [
                28.864154815673828,
                454.06939697265625
            ],
            "frames_present": [
                0,
                3,
                6,
                9,
                12,
                15,
                18,
                21,
                24,
                27,
                30,
                33,
                36,
                39,
                42,
                45,
                48,
                51,
                54,
                57,
                60,
                63,
                66,
                69,
                72,
                75,
                78,
                81,
                84,
                87,
                90,
                93,
                96,
                99,
                102,
                108,
                111,
                114,
                117,
                120,
                123,
                126,
                129,
                132,
                135,
                138,
                141,
                144,
                147,
                150,
                153,
                156,
                159,
                162,
                165,
                168,
                171,
                174,
                177,
                180,
                183,
                186,
                189
            ],
            "last_confidence": 0.8099659085273743
        },
        {
            "id": 4,
            "label": "car",
            "initial_pos": [
                1239.3531494140625,
                405.4134521484375
            ],
            "last_pos": [
                1239.3531494140625,
                405.4134521484375
            ],
            "frames_present": [
                3
            ],
            "last_confidence": 0.7428823709487915
        },
        {
            "id": 5,
            "label": "person",
            "initial_pos": [
                1215.111572265625,
                525.1402587890625
            ],
            "last_pos": [
                1162.14306640625,
                482.9775390625
            ],