{
    "chunk_path": "./out/video_chunks/CCTV6|VID_GEN3_chunk_0.mp4",
    "motion_detected": true,
    "objects": [
        {
            "id": 0,
            "label": "person",
            "initial_pos": [
                957.2740478515625,
                426.644287109375
            ],
            "last_pos": [
                852.2189331054688,
                386.9371337890625
            ],
            "frames_present": [
                0,
                3,
                6,
                9,
                12,
                15,
                18,
                21,
                24,
                27,
                30,
                33,
                36,
                39,
                42,
                45,
                48,
                51,
                54,
                57,
                60,
                63,
                66,
                69,
                72,
                75,
                78,
                81,
                84,
                87,
                90,
                93,
                96,
                99,
                102,
                105,
                108,
                111,
                114,
                117,
                120,
                123,
                126,
                129,
                132,
                135,
                138,
                141,
                144,
                147,
                150,
                153,
                156,
                159,
                162,
                165,
                168,
                171,
                174,
                177,
                180,
                183,
                186,
                189
            ],
            "last_confidence": 0.9353792071342468
        },
        {
            "id": 1,
            "label": "person",
            "initial_pos": [
                623.6831665039062,
                369.38153076171875
            ],
            "last_pos": [
                632.541259765625,
                368.60302734375
            ],
            "frames_present": [
                0,
                3,
                6,
                9,
                12,
                15,
                18,
                21,
                24,
                27,
                30,
                33,
                36,
                39,
                42,
                45,
                48,
                51,
                54,
                57,
                60,
                63,
                66,
                69,
                72,
                75,
                78,
                81,
                84,
                87,
                90,
                93,
                96,
                99,
                102,
                105,
                108,
                111,
                114,
                117,
                120,
                123,
                126,
                129,
                132,
                135,
                138,
                141,
                144,
                147,
                150,
                153,
                156,
                159,
                162,
                165,
                168,
                171,
                174,
                177,
                180,
                183,
                186,
                189
            ],
            "last_confidence": 0.9296855926513672
        },
        {
            "id": 2,
            "label": "person",
            "initial_pos": [
                1226.07958984375,
                445.4598388671875
            ],
            "last_pos": [
                1027.7392578125,
                421.5371398925781
            ],
            "frames_present": [
                0,
                3,
                6,
                9,
                12,
                15,
                18,
                21,
                24,
                27,
                30,
                33,
                36,
                39,
                42,
                45,
                48,
                51,
                54,
                57,
                60,
                63,
                66,
                69,
                72,
                75,
                78,
                81,
                84,
                87,
                90,
                93,
                96,
                99,
                102,
                105,
                108,
                111,
                114,
                117,
                120,
                123,
                126,
                129,
                132,
                135,
                138,
                141,
                144,
                147,
                150,
                153,
                156,
                177,
                180,
                183,
                186,
                189
            ],
            "last_confidence": 0.881324052810669
        },
        {
            "id": 3,
            "label": "person",
            "initial_pos": [
                339.11224365234375,
                398.13690185546875
            ],
            "last_pos": [
                178.45849609375,
                370.968017578125
            ],
            "frames_present": [
                0,
                3,
                6,
                9,
                12,
                15,
                18,
                21,
                24,
                27,
                30,
                33,
                36,
                39,
                42,
                45,
                48,
                51,
                54,
                57,
                60,
                63,
                66,
                69,
                72,
                75,
                78,
                81,
                84,
                87,
                90,
                93,
                96,
                99,
                102,
                105,
                108,
                111,
                114,
                117,
                120,
                123,
                126,
                129,
                132,
                135,
                138,
                141,
                144,
                147,
                150,
                153,
                156,
                159,
                162,
                165,
                168,
                171,
                174,
                177,
                180,
                183,
                186,
                189
            ],
            "last_confidence": 0.8703954815864563
        },
        {
            "id": 4,
            "label": "person",
            "initial_pos": [
                198.74838256835938,
                393.5246276855469
            ],
            "last_pos": [
                20.792875289916992,
                384.2446594238281
            ],