{
    "chunk_path": "./out/video_chunks/CCTV6|VID_GEN4_chunk_0.mp4",
    "motion_detected": true,
    "objects": [
        {
            "id": 0,
            "label": "person",
            "initial_pos": [
                542.1461791992188,
                332.7782287597656
            ],
            "last_pos": [
                741.0850219726562,
                268.32635498046875
            ],
            "frames_present": [
                0,
                3,
                6,
                9,
                12,
                15,
                18,
                21,
                24,
                27,
                30,
                33,
                60,
                63,
                66,
                69,
                72,
                75,
                78,
                84,
                87,
                93,
                99,
                111,
                114,
                117,
                120
            ],
            "last_confidence": 0.8897542357444763
        },
        {
            "id": 1,
            "label": "person",
            "initial_pos": [
                47.4504508972168,
                315.76788330078125
            ],
            "last_pos": [
                294.15966796875,
                268.28564453125
            ],
            "frames_present": [
                0,
                3,
                6,
                9,
                12,
                15,
                24,
                27,
                30,
                33,
                45,
                51,
                54,
                57,
                60,
                63,
                66,
                69,
                72,
                75,
                78,
                81,
                84,
                87,
                90,
                93,
                96,
                99,
                102,
                105,
                108,
                111,
                114,
                117,
                120
            ],
            "last_confidence": 0.8254534602165222
        },
        {
            "id": 2,
            "label": "person",
            "initial_pos": [
                934.5419311523438,
                318.6794738769531
            ],
            "last_pos": [
                887.7947998046875,
                325.82769775390625
            ],
            "frames_present": [
                0,
                3,
                6,
                9,
                12,
                15,
                18,
                21,
                24,
                27,
                30,
                33,
                36,
                39,
                42,
                45,
                54,
                90,
                93,
                96,
                99,
                102
            ],
            "last_confidence": 0.8220953941345215
        },
        {
            "id": 3,
            "label": "person",
            "initial_pos": [
                752.4341430664062,
                303.59161376953125
            ],
            "last_pos": [
                787.4221801757812,
                279.44183349609375
            ],
            "frames_present": [
                0,
                3,
                6,
                9,
                12,
                15,
                18,
                21
            ],
            "last_confidence": 0.8178072571754456
        },
        {
            "id": 4,
            "label": "person",
            "initial_pos": [
                398.37652587890625,
                348.5229187011719
            ],
            "last_pos": [
                674.6771850585938,
                269.1599426269531
            ],
            "frames_present": [
                0,
                3,
                6,
                9,
                12,
                15,
                18,
                21,
                24,
                27,
                30,
                33,
                36,
                48,
                51,
                54,
                66,
                69,
                72,
                75,
                78,
                81,
                84,
                87,
                90,
                93,
                96,
                99,
                102,
                105,
                108
            ],
            "last_confidence": 0.7950193285942078
        },
        {
            "id": 5,
            "label": "person",
            "initial_pos": [
                641.6651000976562,
                334.3009338378906
            ],
            "last_pos": [
                689.15673828125,
                323.055908203125
            ],
            "frames_present": [
                0,
                33,
                39,
                42,
                45,
                48,
                51,
                54,
                57
            ],
            "last_confidence": 0.7926755547523499
        },
        {
            "id": 6,
            "label": "person",
            "initial_pos": [
                216.4814453125,
                342.4908142089844
            ],
            "last_pos": [
                118.72805786132812,
                314.1077880859375
            ],
            "frames_present": [
                0,
                3,
                6,
                9,
                12,
                15,
                18,
                21,
                24,
                27,
                30,
                33,
                36,
                39,
                42,
                45,
                48
            ],
            "last_confidence": 0.6783415675163269
        },
        {
            "id": 7,
            "label": "person",
            "initial_pos": [
                302.7496337890625,
                339.232421875
            ],
            "last_pos": [
                498.4397277832031,
                325.95220947265625
            ],
            "frames_present": [
                3,
                12,
                15,
                18,
                21,
                24,
                27,
                30,
                33,
                36,
                39,
                42,
                45,
                48,
                51,
                54,
                57,
                60,
                63,
                93,
                96,
                99,
                102,
                105,
                114,
                117,
                120
            ],
            "last_confidence": 0.8439981937408447
        },
        {
            "id": 8,
            "label": "person",
            "initial_pos": [
                213.2860565185547,
                343.5418701171875
            ],
            "last_pos": [
                213.2860565185547,
                343.5418701171875
            ],
            "frames_present": [
                9
            ],
            "last_confidence": 0.6296275854110718
        },
        {
            "id": 9,
            "label": "person",
            "initial_pos": [
                730.2261962890625,
                299.7911376953125
            ],
            "last_pos": [
                730.2261962890625,
                299.7911376953125
            ],
            "frames_present": [
                15
            ],
            "last_confidence": 0.8012109994888306
        },
        {
            "id": 10,
            "label": "person",
            "initial_pos": [
                838.6214599609375,
                285.697509765625
            ],
            "last_pos": [
                838.6214599609375,
                285.697509765625
            ],
            "frames_present": [
                21
            ],