{
    "chunk_path": "./out/video_chunks/CCTV9|VID_GEN7_chunk_0.mp4",
    "motion_detected": true,
    "objects": [
        {
            "id": 0,
            "label": "person",
            "initial_pos": [
                451.76837158203125,
                304.5057373046875
            ],
            "last_pos": [
                589.7232666015625,
                300.49615478515625
            ],
            "frames_present": [
                0,
                3,
                6,
                9,
                12,
                15,
                18,
                21,
                24,
                27,
                30,
                33,
                36,
                39,
                42,
                45,
                48,
                51,
                54,
                57,
                60,
                63,
                66,
                69,
                72,
                75,
                78,
                81,
                84,
                87,
                90,
                93,
                96,
                99,
                102,
                105,
                108,
                111,
                114,
                117,
                120,
                123,
                126,
                129,
                132,
                135,
                138,
                141,
                144,
                147,
                150,
                153,
                156,
                159,
                162,
                165,
                168,
                171,
                174,
                177,
                180,
                183,
                186,
                189
            ],
            "last_confidence": 0.9119968414306641
        },
        {
            "id": 1,
            "label": "person",
            "initial_pos": [
                550.4469604492188,
                194.90281677246094
            ],
            "last_pos": [
                715.9563598632812,
                250.21682739257812
            ],
            "frames_present": [
                0,
                3,
                6,
                9,
                12,
                15,
                18,
                21,
                24,
                27,
                30,
                33,
                36,
                39,
                42,
                69,
                72,
                75,
                78,
                81,
                84,
                87,
                90,
                93,
                96,
                99,
                102,
                105,
                108,
                111,
                114,
                117,
                120,
                123,
                129,
                135,
                138,
                141,
                144,
                147,
                150,
                168,
                171,
                174,
                177,
                180,
                183,
                186,
                189
            ],
            "last_confidence": 0.8881677985191345
        },
        {
            "id": 2,
            "label": "bottle",
            "initial_pos": [
                447.71173095703125,
                348.8325500488281
            ],
            "last_pos": [
                599.1842041015625,
                371.26824951171875
            ],
            "frames_present": [
                0,
                3,
                6,
                9,
                12,
                15,
                18,
                21,
                24,
                27,
                30,
                33,
                36,
                39,
                48,
                51,
                54,
                57,
                60,
                66,
                72,
                75,
                84,
                87,
                99,
                102,
                105,
                117
            ],
            "last_confidence": 0.8726610541343689
        },
        {
            "id": 3,
            "label": "person",
            "initial_pos": [
                205.01547241210938,
                222.630859375
            ],
            "last_pos": [
                123.03630065917969,
                212.99342346191406
            ],
            "frames_present": [
                0,
                3,
                6,
                9,
                12,
                15,
                18,
                21,
                24,
                27,
                30,
                33,
                36,
                39,
                42,
                45,
                48,
                51,
                54,
                57,
                60,
                63,
                66,
                69,
                72,
                75,
                78,
                81,
                84,
                87,
                90,
                93,
                96,
                99,
                102,
                105,
                108,
                111,
                114,
                117,
                120,
                123,
                126,
                129,
                132,
                135,
                138,
                141,
                144,
                147,
                150,
                153,
                156,
                159,
                162,
                165,
                168,
                171,
                174,
                177,
                180,
                183,
                186,
                189
            ],
            "last_confidence": 0.8458735346794128
        },
        {
            "id": 4,
            "label": "person",
            "initial_pos": [
                376.1617431640625,
                208.33421325683594
            ],
            "last_pos": [
                421.867431640625,
                214.92236328125
            ],
            "frames_present": [
                0,
                3,
                6,
                9,
                12,
                15,
                18,
                21,
                24,
                27,
                30,
                33,
                36,
                39,
                42,
                45,
                48,
                51,
                54,
                57,
                60,
                63,
                66,
                69,
                72,
                75,
                78,
                81,
                84,
                87,
                90,
                93,
                96,
                99,
                102,
                105,
                108,
                111,
                114,
                117,
                120,
                123,
                126,
                129,
                132,
                135,
                138,
                141,
                144,
                147,
                150,
                153,
                156,
                159,
                162,
                165,
                168,
                171,
                174,
                177,
                180,
                183,
                186,
                189
            ],
            "last_confidence": 0.8016615509986877
        },
        {
            "id": 5,
            "label": "person",
            "initial_pos": [
                298.69647216796875,
                203.5526123046875
            ],
            "last_pos": [
                270.83734130859375,
                230.00619506835938
            ],